<?xml version="1.0" encoding="UTF-8"?>
<!--Metadata generated with CatMDEdit version 5.0-->
<gmd:MD_Metadata xmlns:gco="http://www.isotc211.org/2005/gco"
    xmlns:gmd="http://www.isotc211.org/2005/gmd"
    xmlns:gml="http://www.opengis.net/gml"
    xmlns:gts="http://www.isotc211.org/2005/gts"
    xmlns:xlink="http://www.w3.org/1999/xlink/" xmlns:xsi="http://www.w3.org/2001/XMLSchema-instance">
    <gmd:fileIdentifier>
        <gco:CharacterString>EJES_VIA</gco:CharacterString>
    </gmd:fileIdentifier>
    <gmd:language>
        <gmd:LanguageCode
            codeList="./resources/codeList.xml#LanguageCode" codeListValue="spa">spa</gmd:LanguageCode>
    </gmd:language>
    <gmd:characterSet>
        <gmd:MD_CharacterSetCode
            codeList="./resources/codeList.xml#MD_CharacterSetCode" codeListValue="utf8">utf8</gmd:MD_CharacterSetCode>
    </gmd:characterSet>
    <gmd:parentIdentifier gco:nilReason="inapplicable"/>
    <gmd:hierarchyLevel>
        <gmd:MD_ScopeCode
            codeList="./resources/codeList.xml#MD_ScopeCode" codeListValue="Conjunto de datos">Conjunto de datos</gmd:MD_ScopeCode>
    </gmd:hierarchyLevel>
    <gmd:hierarchyLevelName gco:nilReason="inapplicable"/>
    <gmd:contact>
        <gmd:CI_ResponsibleParty>
            <gmd:individualName>
                <gco:CharacterString>Jefe de Departamento de Cartografía e Información Urbanística</gco:CharacterString>
            </gmd:individualName>
            <gmd:organisationName>
                <gco:CharacterString>Ayuntamiento de Madrid. Área de Gobierno de Deasrrollo Urbano Sostenible. Dirección General de Planeamiento y Gestión Urbanística. Subdirección General de Innovación e Información Urbanística. Departamento de Cartografía e Información Urbanística.</gco:CharacterString>
            </gmd:organisationName>
            <gmd:positionName>
                <gco:CharacterString>Jefe de Departamento de Cartografía e Información Urbanística </gco:CharacterString>
            </gmd:positionName>
            <gmd:contactInfo>
                <gmd:CI_Contact>
                    <gmd:phone>
                        <gmd:CI_Telephone>
                            <gmd:voice>
                                <gco:CharacterString>915883302</gco:CharacterString>
                            </gmd:voice>
                        </gmd:CI_Telephone>
                    </gmd:phone>
                    <gmd:address>
                        <gmd:CI_Address>
                            <gmd:deliveryPoint>
                                <gco:CharacterString>Calle de Ribera del Sena 21</gco:CharacterString>
                            </gmd:deliveryPoint>
                            <gmd:city>
                                <gco:CharacterString>Madrid</gco:CharacterString>
                            </gmd:city>
                            <gmd:administrativeArea>
                                <gco:CharacterString>Madrid</gco:CharacterString>
                            </gmd:administrativeArea>
                            <gmd:postalCode>
                                <gco:CharacterString>28042</gco:CharacterString>
                            </gmd:postalCode>
                            <gmd:country>
                                <gco:CharacterString>España</gco:CharacterString>
                            </gmd:country>
                            <gmd:electronicMailAddress>
                                <gco:CharacterString>www.madrid.es</gco:CharacterString>
                            </gmd:electronicMailAddress>
                        </gmd:CI_Address>
                    </gmd:address>
                    <gmd:onlineResource>
                        <gmd:CI_OnlineResource>
                            <gmd:linkage>
                                <gmd:URL>www.madrid.es</gmd:URL>
                            </gmd:linkage>
                        </gmd:CI_OnlineResource>
                    </gmd:onlineResource>
                    <gmd:hoursOfService>
                        <gco:CharacterString>Lunes a Viernes de 9-14</gco:CharacterString>
                    </gmd:hoursOfService>
                </gmd:CI_Contact>
            </gmd:contactInfo>
            <gmd:role>
                <gmd:CI_RoleCode
                    codeList="./resources/codeList.xml#CI_RoleCode" codeListValue="distributor">distributor</gmd:CI_RoleCode>
            </gmd:role>
        </gmd:CI_ResponsibleParty>
    </gmd:contact>
    <gmd:dateStamp>
        <gco:Date>2017-09-13</gco:Date>
    </gmd:dateStamp>
    <gmd:metadataStandardName>
        <gco:CharacterString>ISO 19115</gco:CharacterString>
    </gmd:metadataStandardName>
    <gmd:metadataStandardVersion>
        <gco:CharacterString>ISO19115:2003/Cor 1 2006</gco:CharacterString>
    </gmd:metadataStandardVersion>
    <gmd:referenceSystemInfo>
        <gmd:MD_ReferenceSystem>
            <gmd:referenceSystemIdentifier>
                <gmd:RS_Identifier>
                    <gmd:authority>
                        <gmd:CI_Citation>
                            <gmd:title>
                                <gco:CharacterString>European Petroleum Survey Group (EPSG)</gco:CharacterString>
                            </gmd:title>
                            <gmd:alternateTitle>
                                <gco:CharacterString>ETRS89 UTM30N</gco:CharacterString>
                            </gmd:alternateTitle>
                            <gmd:date>
                                <gmd:CI_Date>
                                    <gmd:date>
                                    <gco:Date>1986-01-01</gco:Date>
                                    </gmd:date>
                                    <gmd:dateType>
                                    <gmd:CI_DateTypeCode
                                    codeList="./resources/codeList.xml#CI_DateTypeCode" codeListValue="creation">creation</gmd:CI_DateTypeCode>
                                    </gmd:dateType>
                                </gmd:CI_Date>
                            </gmd:date>
                        </gmd:CI_Citation>
                    </gmd:authority>
                    <gmd:code>
                        <gco:CharacterString>EPSG:25830</gco:CharacterString>
                    </gmd:code>
                </gmd:RS_Identifier>
            </gmd:referenceSystemIdentifier>
        </gmd:MD_ReferenceSystem>
    </gmd:referenceSystemInfo>
    <gmd:identificationInfo>
        <gmd:MD_DataIdentification>
            <gmd:citation>
                <gmd:CI_Citation>
                    <gmd:title>
                        <gco:CharacterString>Ejes de viario</gco:CharacterString>
                    </gmd:title>
                    <gmd:alternateTitle>
                        <gco:CharacterString>Ejes de viario del callejero municipal.</gco:CharacterString>
                    </gmd:alternateTitle>
                    <gmd:date>
                        <gmd:CI_Date>
                            <gmd:date>
                                <gco:Date>2007-01-01</gco:Date>
                            </gmd:date>
                            <gmd:dateType>
                                <gmd:CI_DateTypeCode
                                    codeList="./resources/codeList.xml#CI_DateTypeCode" codeListValue="creation">creation</gmd:CI_DateTypeCode>
                            </gmd:dateType>
                        </gmd:CI_Date>
                    </gmd:date>
                    <gmd:date>
                        <gmd:CI_Date>
                            <gmd:date>
                                <gco:Date>2017-09-13</gco:Date>
                            </gmd:date>
                            <gmd:dateType>
                                <gmd:CI_DateTypeCode
                                    codeList="./resources/codeList.xml#CI_DateTypeCode" codeListValue="revision">revision</gmd:CI_DateTypeCode>
                            </gmd:dateType>
                        </gmd:CI_Date>
                    </gmd:date>
                    <gmd:presentationForm>
                        <gmd:CI_PresentationFormCode
                            codeList="./resources/codeList.xml#CI_PresentationFormCode" codeListValue="mapDigital">mapDigital</gmd:CI_PresentationFormCode>
                    </gmd:presentationForm>
                </gmd:CI_Citation>
            </gmd:citation>
            <gmd:abstract>
                <gco:CharacterString>Ejes de viario del callejero municipal. Delimitan el trazado de viarios. En caso de más de una calzada se incluye una línea por calzada</gco:CharacterString>
            </gmd:abstract>
            <gmd:purpose>
                <gco:CharacterString>Permite la localización de viales así como la identificación de su trazado por el eje central de la calzada</gco:CharacterString>
            </gmd:purpose>
            <gmd:pointOfContact>
                <gmd:CI_ResponsibleParty>
                    <gmd:individualName gco:nilReason="missing"/>
                    <gmd:organisationName>
                        <gco:CharacterString>Ayuntamiento de Madrid. Área de Gobierno de Deasrrollo Urbano Sostenible. Dirección General de Planeamiento y Gestión Urbanística. Subdirección General de Innovación e Información Urbanística. Departamento de Cartografía e Información Urbanística</gco:CharacterString>
                    </gmd:organisationName>
                    <gmd:positionName gco:nilReason="missing"/>
                    <gmd:contactInfo>
                        <gmd:CI_Contact>
                            <gmd:address>
                                <gmd:CI_Address>
                                    <gmd:electronicMailAddress>
                                    <gco:CharacterString>www.madrid.es</gco:CharacterString>
                                    </gmd:electronicMailAddress>
                                </gmd:CI_Address>
                            </gmd:address>
                        </gmd:CI_Contact>
                    </gmd:contactInfo>
                    <gmd:role>
                        <gmd:CI_RoleCode
                            codeList="./resources/codeList.xml#CI_RoleCode" codeListValue="author">author</gmd:CI_RoleCode>
                    </gmd:role>
                </gmd:CI_ResponsibleParty>
            </gmd:pointOfContact>
            <gmd:descriptiveKeywords>
                <gmd:MD_Keywords>
                    <gmd:keyword>
                        <gco:CharacterString>Direcciones</gco:CharacterString>
                    </gmd:keyword>
                    <gmd:type>
                        <gmd:MD_KeywordTypeCode
                            codeList="./resources/codeList.xml#MD_KeywordTypeCode" codeListValue="theme">theme</gmd:MD_KeywordTypeCode>
                    </gmd:type>
                    <gmd:thesaurusName>
                        <gmd:CI_Citation>
                            <gmd:title>
                                <gco:CharacterString>GEMET - INSPIRE themes, version 1.0</gco:CharacterString>
                            </gmd:title>
                            <gmd:date>
                                <gmd:CI_Date>
                                    <gmd:date>
                                    <gco:Date>2008-06-01</gco:Date>
                                    </gmd:date>
                                    <gmd:dateType>
                                    <gmd:CI_DateTypeCode
                                    codeList="./resources/codeList.xml#CI_DateTypeCode" codeListValue="publication">publication</gmd:CI_DateTypeCode>
                                    </gmd:dateType>
                                </gmd:CI_Date>
                            </gmd:date>
                        </gmd:CI_Citation>
                    </gmd:thesaurusName>
                </gmd:MD_Keywords>
            </gmd:descriptiveKeywords>
            <gmd:resourceConstraints>
                <gmd:MD_Constraints>
                    <gmd:useLimitation>
                        <gco:CharacterString>Las establecidas por el Ayuntamiento de Madrid</gco:CharacterString>
                    </gmd:useLimitation>
                </gmd:MD_Constraints>
            </gmd:resourceConstraints>
            <gmd:spatialResolution>
                <gmd:MD_Resolution>
                    <gmd:equivalentScale>
                        <gmd:MD_RepresentativeFraction>
                            <gmd:denominator>
                                <gco:Integer>1000</gco:Integer>
                            </gmd:denominator>
                        </gmd:MD_RepresentativeFraction>
                    </gmd:equivalentScale>
                </gmd:MD_Resolution>
            </gmd:spatialResolution>
            <gmd:language>
                <gmd:LanguageCode
                    codeList="./resources/codeList.xml#LanguageCode" codeListValue="spa">spa</gmd:LanguageCode>
            </gmd:language>
            <gmd:characterSet>
                <gmd:MD_CharacterSetCode
                    codeList="./resources/codeList.xml#MD_CharacterSetCode" codeListValue="utf8">utf8</gmd:MD_CharacterSetCode>
            </gmd:characterSet>
            <gmd:topicCategory>
                <gmd:MD_TopicCategoryCode>planningCadastre</gmd:MD_TopicCategoryCode>
            </gmd:topicCategory>
            <gmd:extent>
                <gmd:EX_Extent>
                    <gmd:description gco:nilReason="inapplicable"/>
                    <gmd:geographicElement>
                        <gmd:EX_GeographicBoundingBox>
                            <gmd:westBoundLongitude>
                                <gco:Decimal>-3.888585</gco:Decimal>
                            </gmd:westBoundLongitude>
                            <gmd:eastBoundLongitude>
                                <gco:Decimal>-3.516245</gco:Decimal>
                            </gmd:eastBoundLongitude>
                            <gmd:southBoundLatitude>
                                <gco:Decimal>40.311410</gco:Decimal>
                            </gmd:southBoundLatitude>
                            <gmd:northBoundLatitude>
                                <gco:Decimal>40.645133 </gco:Decimal>
                            </gmd:northBoundLatitude>
                        </gmd:EX_GeographicBoundingBox>
                    </gmd:geographicElement>
                    <gmd:temporalElement gco:nilReason="inapplicable"/>
                    <gmd:verticalElement gco:nilReason="inapplicable"/>
                </gmd:EX_Extent>
            </gmd:extent>
        </gmd:MD_DataIdentification>
    </gmd:identificationInfo>
    <gmd:distributionInfo>
        <gmd:MD_Distribution>
            <gmd:distributionFormat>
                <gmd:MD_Format>
                    <gmd:name>
                        <gco:CharacterString>SHP</gco:CharacterString>
                    </gmd:name>
                    <gmd:version>
                        <gco:CharacterString>-</gco:CharacterString>
                    </gmd:version>
                </gmd:MD_Format>
            </gmd:distributionFormat>
        </gmd:MD_Distribution>
    </gmd:distributionInfo>
    <gmd:dataQualityInfo>
        <gmd:DQ_DataQuality>
            <gmd:scope>
                <gmd:DQ_Scope>
                    <gmd:level>
                        <gmd:MD_ScopeCode
                            codeList="./resources/codeList.xml#MD_ScopeCode" codeListValue="dataset">dataset</gmd:MD_ScopeCode>
                    </gmd:level>
                    <gmd:levelDescription gco:nilReason="inapplicable"/>
                </gmd:DQ_Scope>
            </gmd:scope>
            <gmd:report gco:nilReason="inapplicable"/>
            <gmd:lineage>
                <gmd:LI_Lineage>
                    <gmd:statement>
                        <gco:CharacterString>Se ha digilitazado a partir de carga masiva automatizada y edición manual</gco:CharacterString>
                    </gmd:statement>
                    <gmd:processStep gco:nilReason="inapplicable"/>
                    <gmd:source gco:nilReason="inapplicable"/>
                </gmd:LI_Lineage>
            </gmd:lineage>
        </gmd:DQ_DataQuality>
    </gmd:dataQualityInfo>
    <gmd:metadataMaintenance>
        <gmd:MD_MaintenanceInformation>
            <gmd:maintenanceAndUpdateFrequency>
                <gmd:MD_MaintenanceFrequencyCode
                    codeList="./resources/codeList.xml#MD_MaintenanceFrequencyCode" codeListValue="irregular">irregular</gmd:MD_MaintenanceFrequencyCode>
            </gmd:maintenanceAndUpdateFrequency>
        </gmd:MD_MaintenanceInformation>
    </gmd:metadataMaintenance>
</gmd:MD_Metadata>
